{"Offerte": {"Police": {"Motorfahrzeugversicherung": "OPTIMA", "PoliceNr": "16.167.745", "Versicherungsnehmer": "Max Mustermann", "Adresse": "Pionierstrasse 3, 8400 Winterthur", "Beginn": "11.06.2021", "Ablauf": "31.12.2024", "Zahlungsart": "j\u00e4hrlich", "Jahrespr\u00e4mieF\u00e4lligAm": "01.01.", "Vertragsgrundlagen": "Allgemeinen Vertragsbedingungen (AVB) f\u00fcr STRADA, Ausgabe 10.2013, www.axa.ch/doc/aacew", "Pr\u00e4mien\u00fcbersicht": {"Haftpflicht": {"Jahrespr\u00e4mieBruttoInCHF": 1065.3, "Pr\u00e4mienstufe": 30, "Jahrespr\u00e4mieNettoInCHF": 319.59, "GesetzlicheAbgabenInCHF": 22.58}, "Kasko": {"Kollision": {"Jahrespr\u00e4mieBruttoInCHF": 1324.3, "Pr\u00e4mienstufe": 30, "Jahrespr\u00e4mieNettoInCHF": 397.29, "GesetzlicheAbgabenInCHF": 19.87}, "Teilkasko": {"Jahrespr\u00e4mieBruttoInCHF": 310.9, "Pr\u00e4mienstufe": 30, "Jahrespr\u00e4mieNettoInCHF": 310.9, "GesetzlicheAbgabenInCHF": 15.55}, "Parkschaden": {"Jahrespr\u00e4mieBruttoInCHF": 209.8, "Pr\u00e4mienstufe": 30, "Jahrespr\u00e4mieNettoInCHF": 209.8, "GesetzlicheAbgabenInCHF": 10.49}}, "Total": {"Jahrespr\u00e4mieNettoInCHF": 1237.58, "GesetzlicheAbgabenInCHF": 68.49}}, "VersichertesFahrzeug": {"Kontrollschild": "ZH 646606", "Fahrzeugart": "Personenwagen", "MarkeTyp": "Tesla Model 3 Perform. Dual AW", "MTVCode": "1115757", "StammNummer": "301.951.905", "ChassisNummer": "5YJ3E7EC0MF963692", "Inverkehrsetzung": "11.06.2021", "Kaufjahr": "2021", "AnzahlSitzpl\u00e4tze": 5, "Kilowatt": 377, "Leergewicht": "1932 kg", "DINPS": 513, "Verwendungszweck": "-", "J\u00e4hrlicheKilometerleistung": "15 000", "AktuellerKilometerstand": "1 000", "Katalogpreis": "CHF", "Zusatzausr\u00fcstungenUndZubeh\u00f6rteile": "CHF", "Motorart": "Elektro", "BestehtEineZession": "Nein", "CrashRecorder": "Nein", "Haftpflicht": {"GarantiesummeProEreignis": "CHF 100 Millionen", "BegrenzungenProEreignis": "CHF 20 Millionen", "Sch\u00e4denDurchFeuerExplosionUndKernenergie": "5 Millionen CHF", "Schadenverh\u00fctungskosten": "CHF", "SelbstbehaltProEreignis": {"F\u00fcrJugendlicheFahrzeugf\u00fchrer": "CHF 1 000", "F\u00fcrAlle\u00dcbrigenFahrzeugf\u00fchrer": "CHF 0"}, "BonusschutzUndGrobfahrl\u00e4ssigkeit": "versichert"}, "Kasko": {"VersicherteLeistungen": {"Kollision": "versichert", "Teilkasko": "versichert", "ParkschadenPlus": "versichert"}, "Versicherungssummen": "Grunds\u00e4tzlich pro Ereignis bis maximal Fahrzeugwert gem\u00e4ss Entsch\u00e4digungsart.", "Entsch\u00e4digungsartBeiEinemTotalschaden": "Zeitwertzusatz Plus gem\u00e4ss BVB 59", "ReparaturortBeiSchadenf\u00e4llen": {"Generell": "Freie Garagenwahl", "Glasbruch": "Gem\u00e4ss Vorschlag der AXA"}, "SelbstbehalteProEreignis": {"Kollision": "CHF 1 000", "Teilkasko": "CHF 0", "Parkschaden": "CHF 0"}, "BonusschutzUndGrobfahrl\u00e4ssigkeit": "versichert"}, "Mobilit\u00e4t": {"VersicherteLeistung": "versichert", "Geltungsbereich": "Europa"}}, "Antragsfragen": {"H\u00e4ufigsterFahrzeugf\u00fchrer": {"VornameName": "Max Mustermann", "Geburtsdatum": "28.02.1968", "Geschlecht": "m\u00e4nnlich", "Nationalit\u00e4t": "Schweiz", "F\u00fchrerausweisEntzug": "Nein"}}, "BesondereVertragsbedingungen": {"BedingungenF\u00fcrReparaturbonus": "Bei einem Glasbruchschaden m\u00fcssen Sie uns unverz\u00fcglich informieren. Wir schlagen Ihnen autorisierte Reparaturbetriebe vor. W\u00e4hlen Sie keinen dieser Vorschl\u00e4ge, erh\u00f6ht sich der in der Police vereinbarte Teilkasko-Selbstbehalt f\u00fcr Glasbruchsch\u00e4den um CHF 500.", "ZeitwertzusatzPlus": "In Ab\u00e4nderung von C 3.321 AVB wird bei einem Totalschaden die Leistungen auf Basis folgender Tabelle berechnet", "J\u00e4hrlichesGegenseitigesK\u00fcndigungsrecht": "Der Versicherungsnehmer oder die AXA k\u00f6nnen den Vertrag unter Einhaltung einer Frist von 3 Monaten, fr\u00fchestens nach Ablauf eines vollen Versicherungsjahres, per 31. Dezember k\u00fcndigen."}, "MeldungVon\u00c4nderungen": "Gem\u00e4ss A 4 der AVB muss der Versicherungsnehmer die AXA unverz\u00fcglich informieren, wenn die in der Police aufgef\u00fchrten Angaben nicht mehr zutreffen.", "Artikel12DesVersicherungsvertragsgesetzes": "Stimmt der Inhalt der Police oder der Nachtr\u00e4ge zur Police mit den getroffenen Vereinbarungen nicht \u00fcberein, muss der Versicherungsnehmer innerhalb von vier Wochen nach Empfang der Urkunde deren Berichtigung verlangen; andernfalls gilt der Inhalt als von ihm genehmigt.", "Ausstellungsdatum": "15. Juni 2021", "Aussteller": "AXA Versicherungen AG", "Unterschrift": {"DominiqueKasper": "Leiter Schadenversicherung", "J\u00fcrgenScharfetter": "Leiter Privatkunden"}}}}